<application>
  <component name="MaterialThemeConfig">
    <option name="highContrast" value="true" />
    <option name="darkTitleBar" value="true" />
    <option name="isHighContrast" value="true" />
    <option name="isWizardShown" value="true" />
    <option name="pristineConfig" value="false" />
    <option name="upperCaseTabs" value="true" />
    <option name="settingsSelectedTab" value="5" />
    <option name="tabsHeight" value="42" />
    <option name="accentColor" value="ff79c5" />
    <option name="selectedTheme" value="DRACULA" />
    <option name="userId" value="153e843b:17414f69279:-8000" />
    <option name="version" value="5.2.0" />
  </component>
</application>